{"version": "nass-s2-corn-il@1.0.0", "crop": "corn", "region": "IL", "features": ["ndviIntegral", "ndviPeak", "ndviMid", "ndviLate", "peakDoy", "coverage", "precip_jja_mm", "tmax_mean_jja", "days_gt32_jja"], "mu": [0.6178285679180718, 0.8810403166662175, 0.8148308478530135, 0.6620739037014378, 208.2051282051282, 0.6663501107945554, 277.65384615384613, 28.511666666666677, 9.64102564102564], "sd": [0.09851479067576932, 0.04614937616488809, 0.07134134130240534, 0.12044810993273374, 14.483508724876147, 0.14630710633302926, 78.4225449863123, 0.5604311908326653, 3.9189688563164715], "metrics": {"rmse_bu_ac": 13.63, "mae_bu_ac": 11.48, "note": "worst of year-out/county-out CV; county-level error \u2014 single-field error is larger"}, "cv_full": {"ridge": {"leave_one_year_out": {"rmse_bu_ac": 13.63, "mae_bu_ac": 11.48, "r2": 0.205, "n": 78, "label_mean_bu_ac": 205.8, "label_std_bu_ac": 15.3}, "leave_one_county_out": {"rmse_bu_ac": 11.18, "mae_bu_ac": 9.13, "r2": 0.465, "n": 78, "label_mean_bu_ac": 205.8, "label_std_bu_ac": 15.3}}, "gbr": {"leave_one_year_out": {"rmse_bu_ac": 15.72, "mae_bu_ac": 13.22, "r2": -0.058, "n": 78, "label_mean_bu_ac": 205.8, "label_std_bu_ac": 15.3}, "leave_one_county_out": {"rmse_bu_ac": 12.22, "mae_bu_ac": 9.77, "r2": 0.361, "n": 78, "label_mean_bu_ac": 205.8, "label_std_bu_ac": 15.3}}}, "n_samples": 78, "trained_at": "2026-07-08T06:52:51.780652+00:00", "type": "ridge", "coef": [-2.5245118833791285, 1.4360335123795784, 5.211701972742819, 0.7289861963252143, -3.580144012428161, 4.303442378582033, 6.264953778035297, 4.440033469491345, 1.4539891430762852], "intercept": 205.77435897435905}